device,backend,mmtype,order,etype,OpMat,m,k,n,nnz,wtime,efficiency
h100,direct,dense,1,hex,M0,24,8,1000000,48,0.000131314,0.974765
h100,direct,sparse,1,hex,M0,24,8,1000000,48,0.000671187,0.190707
h100,cuda,pyfr_bstream,1,hex,M0,24,8,1000000,48,0.000092502,0.3459
h100,opencl,pyfr_bstream,1,hex,M0,24,8,1000000,48,0.000096822,0.3305
h100,cuda,pyfr_cstream,1,hex,M0,24,8,1000000,48,0.000094307,0.3393
h100,opencl,pyfr_cstream,1,hex,M0,24,8,1000000,48,0.000096957,0.3301
h100,cuda,pyfr_bstream-msplit,1,hex,M0,24,8,1000000,48,0.000102259,0.3129
h100,opencl,pyfr_bstream-msplit,1,hex,M0,24,8,1000000,48,0.000096739,0.3308
h100,cuda,pyfr_cstream-ksplit,1,hex,M0,24,8,1000000,48,0.000102198,0.3131
h100,opencl,pyfr_cstream-ksplit,1,hex,M0,24,8,1000000,48,0.000096995,0.3299
h100,direct,dense,1,hex,M3,8,24,1000000,48,0.000114849,1.11451
h100,direct,sparse,1,hex,M3,8,24,1000000,48,0.000697046,0.183632
h100,cuda,pyfr_bstream,1,hex,M3,8,24,1000000,48,0.000085750,1.1195
h100,opencl,pyfr_bstream,1,hex,M3,8,24,1000000,48,0.000090547,1.0602
h100,cuda,pyfr_cstream,1,hex,M3,8,24,1000000,48,0.000087053,1.1028
h100,opencl,pyfr_cstream,1,hex,M3,8,24,1000000,48,0.000090797,1.0573
h100,cuda,pyfr_bstream-msplit,1,hex,M3,8,24,1000000,48,0.000099034,0.9694
h100,opencl,pyfr_bstream-msplit,1,hex,M3,8,24,1000000,48,0.000090224,1.0640
h100,cuda,pyfr_cstream-ksplit,1,hex,M3,8,24,1000000,48,0.000110648,0.8676
h100,opencl,pyfr_cstream-ksplit,1,hex,M3,8,24,1000000,48,0.000090288,1.0633
h100,direct,dense,1,hex,M6,24,24,1000000,48,0.000145776,1.31709
h100,direct,sparse,1,hex,M6,24,24,1000000,48,0.000697573,0.27524
h100,cuda,pyfr_bstream,1,hex,M6,24,24,1000000,48,0.000133744,0.7178
h100,opencl,pyfr_bstream,1,hex,M6,24,24,1000000,48,0.000138013,0.6956
h100,cuda,pyfr_cstream,1,hex,M6,24,24,1000000,48,0.000134435,0.7141
h100,opencl,pyfr_cstream,1,hex,M6,24,24,1000000,48,0.000138038,0.6955
h100,cuda,pyfr_bstream-msplit,1,hex,M6,24,24,1000000,48,0.000140330,0.6841
h100,opencl,pyfr_bstream-msplit,1,hex,M6,24,24,1000000,48,0.000137773,0.6968
h100,cuda,pyfr_cstream-ksplit,1,hex,M6,24,24,1000000,48,0.000145816,0.6584
h100,opencl,pyfr_cstream-ksplit,1,hex,M6,24,24,1000000,48,0.000137718,0.6971
h100,direct,dense,1,hex,M132,8,24,1000000,48,0.000114978,1.11326
h100,direct,sparse,1,hex,M132,8,24,1000000,48,0.000696874,0.183677
h100,cuda,pyfr_bstream,1,hex,M132,8,24,1000000,48,0.000086109,1.1149
h100,opencl,pyfr_bstream,1,hex,M132,8,24,1000000,48,0.000090234,1.0639
h100,cuda,pyfr_cstream,1,hex,M132,8,24,1000000,48,0.000087126,1.1019
h100,opencl,pyfr_cstream,1,hex,M132,8,24,1000000,48,0.000090445,1.0614
h100,cuda,pyfr_bstream-msplit,1,hex,M132,8,24,1000000,48,0.000099050,0.9692
h100,opencl,pyfr_bstream-msplit,1,hex,M132,8,24,1000000,48,0.000090294,1.0632
h100,cuda,pyfr_cstream-ksplit,1,hex,M132,8,24,1000000,48,0.000110168,0.8714
h100,opencl,pyfr_cstream-ksplit,1,hex,M132,8,24,1000000,48,0.000090442,1.0615
h100,direct,dense,1,hex,M460,24,8,1000000,48,0.00013268,0.964724
h100,direct,sparse,1,hex,M460,24,8,1000000,48,0.000672773,0.190257
h100,cuda,pyfr_bstream,1,hex,M460,24,8,1000000,48,0.000092650,0.3454
h100,opencl,pyfr_bstream,1,hex,M460,24,8,1000000,48,0.000096928,0.3301
h100,cuda,pyfr_cstream,1,hex,M460,24,8,1000000,48,0.000093427,0.3425
h100,opencl,pyfr_cstream,1,hex,M460,24,8,1000000,48,0.000096691,0.3310
h100,cuda,pyfr_bstream-msplit,1,hex,M460,24,8,1000000,48,0.000102502,0.3122
h100,opencl,pyfr_bstream-msplit,1,hex,M460,24,8,1000000,48,0.000096896,0.3303
h100,cuda,pyfr_cstream-ksplit,1,hex,M460,24,8,1000000,48,0.000102070,0.3135
h100,opencl,pyfr_cstream-ksplit,1,hex,M460,24,8,1000000,48,0.000096579,0.3313
h100,direct,dense,2,hex,M0,54,27,1000000,162,0.00033366,0.971048
h100,direct,sparse,2,hex,M0,54,27,1000000,162,0.00083952,0.385935
h100,cuda,pyfr_bstream,2,hex,M0,54,27,1000000,162,0.000229763,0.4701
h100,opencl,pyfr_bstream,2,hex,M0,54,27,1000000,162,0.000233795,0.4620
h100,cuda,pyfr_cstream,2,hex,M0,54,27,1000000,162,0.000230470,0.4686
h100,opencl,pyfr_cstream,2,hex,M0,54,27,1000000,162,0.000233750,0.4621
h100,cuda,pyfr_bstream-msplit,2,hex,M0,54,27,1000000,162,0.000242278,0.4458
h100,opencl,pyfr_bstream-msplit,2,hex,M0,54,27,1000000,162,0.000233398,0.4628
h100,cuda,pyfr_cstream-ksplit,2,hex,M0,54,27,1000000,162,0.000229875,0.4698
h100,opencl,pyfr_cstream-ksplit,2,hex,M0,54,27,1000000,162,0.000233421,0.4627
h100,direct,dense,2,hex,M3,27,54,1000000,162,0.000281164,1.15235
h100,direct,sparse,2,hex,M3,27,54,1000000,162,0.000809592,0.400201
h100,cuda,pyfr_bstream,2,hex,M3,27,54,1000000,162,0.000218253,0.9897
h100,opencl,pyfr_bstream,2,hex,M3,27,54,1000000,162,0.000222336,0.9715
h100,cuda,pyfr_cstream,2,hex,M3,27,54,1000000,162,0.000220768,0.9784
h100,opencl,pyfr_cstream,2,hex,M3,27,54,1000000,162,0.000222362,0.9714
h100,cuda,pyfr_bstream-msplit,2,hex,M3,27,54,1000000,162,0.000221112,0.9769
h100,opencl,pyfr_bstream-msplit,2,hex,M3,27,54,1000000,162,0.000222294,0.9717
h100,cuda,pyfr_cstream-ksplit,2,hex,M3,27,54,1000000,162,0.000220936,0.9777
h100,opencl,pyfr_cstream-ksplit,2,hex,M3,27,54,1000000,162,0.000222643,0.9702
h100,direct,dense,2,hex,M6,81,54,1000000,162,0.000745433,0.724411
h100,direct,sparse,2,hex,M6,81,54,1000000,162,0.00104522,0.516636
h100,cuda,pyfr_bstream,2,hex,M6,81,54,1000000,162,0.000378915,0.5701
h100,opencl,pyfr_bstream,2,hex,M6,81,54,1000000,162,0.000381968,0.5655
h100,cuda,pyfr_cstream,2,hex,M6,81,54,1000000,162,0.000380451,0.5678
h100,opencl,pyfr_cstream,2,hex,M6,81,54,1000000,162,0.000381747,0.5659
h100,cuda,pyfr_bstream-msplit,2,hex,M6,81,54,1000000,162,0.000392624,0.5502
h100,opencl,pyfr_bstream-msplit,2,hex,M6,81,54,1000000,162,0.000381795,0.5658
h100,cuda,pyfr_cstream-ksplit,2,hex,M6,81,54,1000000,162,0.000424915,0.5084
h100,opencl,pyfr_cstream-ksplit,2,hex,M6,81,54,1000000,162,0.000382019,0.5655
h100,direct,dense,2,hex,M132,27,81,1000000,216,0.000396017,1.09086
h100,direct,sparse,2,hex,M132,27,81,1000000,216,0.000883741,0.488831
h100,cuda,pyfr_bstream,2,hex,M132,27,81,1000000,216,0.000283990,1.1409
h100,opencl,pyfr_bstream,2,hex,M132,27,81,1000000,216,0.000287360,1.1275
h100,cuda,pyfr_cstream,2,hex,M132,27,81,1000000,216,0.000294483,1.1003
h100,opencl,pyfr_cstream,2,hex,M132,27,81,1000000,216,0.000287325,1.1277
h100,cuda,pyfr_bstream-msplit,2,hex,M132,27,81,1000000,216,0.000300688,1.0776
h100,opencl,pyfr_bstream-msplit,2,hex,M132,27,81,1000000,216,0.000287168,1.1283
h100,cuda,pyfr_cstream-ksplit,2,hex,M132,27,81,1000000,216,0.000300680,1.0776
h100,opencl,pyfr_cstream-ksplit,2,hex,M132,27,81,1000000,216,0.000287286,1.1278
h100,direct,dense,2,hex,M460,81,27,1000000,216,0.000596664,0.724026
h100,direct,sparse,2,hex,M460,81,27,1000000,216,0.00104409,0.413756
h100,cuda,pyfr_bstream,2,hex,M460,81,27,1000000,216,0.000309354,0.3491
h100,opencl,pyfr_bstream,2,hex,M460,81,27,1000000,216,0.000311981,0.3462
h100,cuda,pyfr_cstream,2,hex,M460,81,27,1000000,216,0.000314659,0.3433
h100,opencl,pyfr_cstream,2,hex,M460,81,27,1000000,216,0.000311750,0.3465
h100,cuda,pyfr_bstream-msplit,2,hex,M460,81,27,1000000,216,0.000309264,0.3492
h100,opencl,pyfr_bstream-msplit,2,hex,M460,81,27,1000000,216,0.000311507,0.3467
h100,cuda,pyfr_cstream-ksplit,2,hex,M460,81,27,1000000,216,0.000311331,0.3469
h100,opencl,pyfr_cstream-ksplit,2,hex,M460,81,27,1000000,216,0.000311805,0.3464
h100,direct,dense,3,hex,M0,96,64,1000000,384,0.000484266,1.32159
h100,direct,sparse,3,hex,M0,96,64,1000000,384,0.00164424,0.389238
h100,cuda,pyfr_bstream,3,hex,M0,96,64,1000000,384,0.000447894,0.5716
h100,opencl,pyfr_bstream,3,hex,M0,96,64,1000000,384,0.000451376,0.5672
h100,cuda,pyfr_cstream,3,hex,M0,96,64,1000000,384,0.000506672,0.5053
h100,opencl,pyfr_cstream,3,hex,M0,96,64,1000000,384,0.000451114,0.5675
h100,cuda,pyfr_bstream-msplit,3,hex,M0,96,64,1000000,384,0.000452342,0.5660
h100,opencl,pyfr_bstream-msplit,3,hex,M0,96,64,1000000,384,0.000451418,0.5672
h100,cuda,pyfr_cstream-ksplit,3,hex,M0,96,64,1000000,384,0.000448429,0.5709
h100,opencl,pyfr_cstream-ksplit,3,hex,M0,96,64,1000000,384,0.000451728,0.5668
h100,direct,dense,3,hex,M3,64,96,1000000,384,0.000432482,1.47983
h100,direct,sparse,3,hex,M3,64,96,1000000,384,0.00176086,0.363458
h100,cuda,pyfr_bstream,3,hex,M3,64,96,1000000,384,0.000434797,0.8832
h100,opencl,pyfr_bstream,3,hex,M3,64,96,1000000,384,0.000437904,0.8770
h100,cuda,pyfr_cstream,3,hex,M3,64,96,1000000,384,0.000438392,0.8760
h100,opencl,pyfr_cstream,3,hex,M3,64,96,1000000,384,0.000437949,0.8769
h100,cuda,pyfr_bstream-msplit,3,hex,M3,64,96,1000000,384,0.000438936,0.8749
h100,opencl,pyfr_bstream-msplit,3,hex,M3,64,96,1000000,384,0.000438010,0.8767
h100,cuda,pyfr_cstream-ksplit,3,hex,M3,64,96,1000000,384,0.000438077,0.8766
h100,opencl,pyfr_cstream-ksplit,3,hex,M3,64,96,1000000,384,0.000438147,0.8765
h100,direct,dense,3,hex,M6,192,96,1000000,384,0.00130449,0.883104
h100,direct,sparse,3,hex,M6,192,96,1000000,384,0.00199962,0.576108
h100,cuda,pyfr_bstream,3,hex,M6,192,96,1000000,384,0.000814371,0.4716
h100,opencl,pyfr_bstream,3,hex,M6,192,96,1000000,384,0.000820176,0.4683
h100,cuda,pyfr_cstream,3,hex,M6,192,96,1000000,384,0.000839050,0.4577
h100,opencl,pyfr_cstream,3,hex,M6,192,96,1000000,384,0.000819997,0.4684
h100,cuda,pyfr_bstream-msplit,3,hex,M6,192,96,1000000,384,0.000813523,0.4721
h100,opencl,pyfr_bstream-msplit,3,hex,M6,192,96,1000000,384,0.000819978,0.4684
h100,cuda,pyfr_cstream-ksplit,3,hex,M6,192,96,1000000,384,0.000850394,0.4516
h100,opencl,pyfr_cstream-ksplit,3,hex,M6,192,96,1000000,384,0.000820595,0.4680
h100,direct,dense,3,hex,M132,64,192,1000000,768,0.000683012,1.49924
h100,direct,sparse,3,hex,M132,64,192,1000000,768,0.00300393,0.340887
h100,cuda,pyfr_bstream,3,hex,M132,64,192,1000000,768,0.000671299,1.1441
h100,opencl,pyfr_bstream,3,hex,M132,64,192,1000000,768,0.000675040,1.1378
h100,cuda,pyfr_cstream,3,hex,M132,64,192,1000000,768,0.000675296,1.1374
h100,opencl,pyfr_cstream,3,hex,M132,64,192,1000000,768,0.000675011,1.1378
h100,cuda,pyfr_bstream-msplit,3,hex,M132,64,192,1000000,768,0.000674568,1.1386
h100,opencl,pyfr_bstream-msplit,3,hex,M132,64,192,1000000,768,0.000675062,1.1377
h100,cuda,pyfr_cstream-ksplit,3,hex,M132,64,192,1000000,768,0.000669530,1.1471
h100,opencl,pyfr_cstream-ksplit,3,hex,M132,64,192,1000000,768,0.000675370,1.1372
h100,direct,dense,3,hex,M460,192,64,1000000,768,0.00106075,0.965353
h100,direct,sparse,3,hex,M460,192,64,1000000,768,0.00273086,0.374974
h100,cuda,pyfr_bstream,3,hex,M460,192,64,1000000,768,0.000730829,0.3504
h100,opencl,pyfr_bstream,3,hex,M460,192,64,1000000,768,0.000734534,0.3486
h100,cuda,pyfr_cstream,3,hex,M460,192,64,1000000,768,0.000878712,0.2914
h100,opencl,pyfr_cstream,3,hex,M460,192,64,1000000,768,0.000733859,0.3489
h100,cuda,pyfr_bstream-msplit,3,hex,M460,192,64,1000000,768,0.000729149,0.3512
h100,opencl,pyfr_bstream-msplit,3,hex,M460,192,64,1000000,768,0.000734013,0.3488
h100,cuda,pyfr_cstream-ksplit,3,hex,M460,192,64,1000000,768,0.000728214,0.3516
h100,opencl,pyfr_cstream-ksplit,3,hex,M460,192,64,1000000,768,0.000734317,0.3487
h100,direct,dense,4,hex,M0,150,125,1000000,750,0.00213198,0.515953
h100,direct,sparse,4,hex,M0,150,125,1000000,750,0.00270852,0.406126
h100,cuda,pyfr_bstream,4,hex,M0,150,125,1000000,750,0.000974182,0.5133
h100,opencl,pyfr_bstream,4,hex,M0,150,125,1000000,750,0.000766317,0.6526
h100,cuda,pyfr_cstream,4,hex,M0,150,125,1000000,750,0.000959958,0.5209
h100,opencl,pyfr_cstream,4,hex,M0,150,125,1000000,750,0.000765830,0.6530
h100,cuda,pyfr_bstream-msplit,4,hex,M0,150,125,1000000,750,0.000808682,0.6184
h100,opencl,pyfr_bstream-msplit,4,hex,M0,150,125,1000000,750,0.000765862,0.6530
h100,cuda,pyfr_cstream-ksplit,4,hex,M0,150,125,1000000,750,0.000762262,0.6560
h100,opencl,pyfr_cstream-ksplit,4,hex,M0,150,125,1000000,750,0.000766125,0.6527
h100,direct,dense,4,hex,M3,125,150,1000000,750,0.00157992,0.696236
h100,direct,sparse,4,hex,M3,125,150,1000000,750,0.00286429,0.384039
h100,cuda,pyfr_bstream,4,hex,M3,125,150,1000000,750,0.000753786,0.7961
h100,opencl,pyfr_bstream,4,hex,M3,125,150,1000000,750,0.000760166,0.7894
h100,cuda,pyfr_cstream,4,hex,M3,125,150,1000000,750,0.000854832,0.7020
h100,opencl,pyfr_cstream,4,hex,M3,125,150,1000000,750,0.000759600,0.7900
h100,cuda,pyfr_bstream-msplit,4,hex,M3,125,150,1000000,750,0.000796378,0.7535
h100,opencl,pyfr_bstream-msplit,4,hex,M3,125,150,1000000,750,0.000760256,0.7893
h100,cuda,pyfr_cstream-ksplit,4,hex,M3,125,150,1000000,750,0.000771184,0.7781
h100,opencl,pyfr_cstream-ksplit,4,hex,M3,125,150,1000000,750,0.000759987,0.7896
h100,direct,dense,4,hex,M6,375,150,1000000,750,0.00506722,0.414428
h100,direct,sparse,4,hex,M6,375,150,1000000,750,0.00396608,0.52949
h100,cuda,pyfr_bstream,4,hex,M6,375,150,1000000,750,0.001496528,0.4011
h100,cuda,pyfr_cstream,4,hex,M6,375,150,1000000,750,0.001774096,0.3383
h100,cuda,pyfr_bstream-msplit,4,hex,M6,375,150,1000000,750,0.001629107,0.3684
h100,cuda,pyfr_cstream-ksplit,4,hex,M6,375,150,1000000,750,0.001572288,0.3818
h100,direct,dense,4,hex,M132,125,375,1000000,1800,0.00307549,0.650304
h100,direct,sparse,4,hex,M132,125,375,1000000,1800,0.00694063,0.288158
h100,cuda,pyfr_bstream,4,hex,M132,125,375,1000000,1800,0.002200310,0.6818
h100,cuda,pyfr_cstream,4,hex,M132,125,375,1000000,1800,0.002255552,0.6651
h100,cuda,pyfr_bstream-msplit,4,hex,M132,125,375,1000000,1800,0.001588291,0.9445
h100,cuda,pyfr_cstream-ksplit,4,hex,M132,125,375,1000000,1800,0.001306531,1.1482
h100,direct,dense,4,hex,M460,375,125,1000000,1800,0.00453652,0.440867
h100,direct,sparse,4,hex,M460,375,125,1000000,1800,0.00712999,0.280505
h100,cuda,pyfr_bstream,4,hex,M460,375,125,1000000,1800,0.002119606,0.2360
h100,cuda,pyfr_cstream,4,hex,M460,375,125,1000000,1800,0.002020899,0.2475
h100,cuda,pyfr_bstream-msplit,4,hex,M460,375,125,1000000,1800,0.001421021,0.3520
h100,cuda,pyfr_cstream-ksplit,4,hex,M460,375,125,1000000,1800,0.001503539,0.3327
h100,direct,dense,5,hex,M0,216,216,1000000,1296,0.00217505,0.794465
h100,direct,sparse,5,hex,M0,216,216,1000000,1296,0.00492258,0.351035
h100,cuda,pyfr_bstream,5,hex,M0,216,216,1000000,1296,0.002016568,0.4285
h100,opencl,pyfr_bstream,5,hex,M0,216,216,1000000,1296,0.001205651,0.7168
h100,cuda,pyfr_cstream,5,hex,M0,216,216,1000000,1296,0.001791005,0.4825
h100,opencl,pyfr_cstream,5,hex,M0,216,216,1000000,1296,0.001205642,0.7168
h100,cuda,pyfr_bstream-msplit,5,hex,M0,216,216,1000000,1296,0.001269242,0.6809
h100,opencl,pyfr_bstream-msplit,5,hex,M0,216,216,1000000,1296,0.001205507,0.7169
h100,cuda,pyfr_cstream-ksplit,5,hex,M0,216,216,1000000,1296,0.001304602,0.6624
h100,opencl,pyfr_cstream-ksplit,5,hex,M0,216,216,1000000,1296,0.001205997,0.7166
h100,direct,dense,5,hex,M3,216,216,1000000,1296,0.00217679,0.793829
h100,direct,sparse,5,hex,M3,216,216,1000000,1296,0.00523737,0.329937
h100,cuda,pyfr_bstream,5,hex,M3,216,216,1000000,1296,0.001192387,0.7248
h100,opencl,pyfr_bstream,5,hex,M3,216,216,1000000,1296,0.001192941,0.7244
h100,cuda,pyfr_cstream,5,hex,M3,216,216,1000000,1296,0.002016760,0.4285
h100,opencl,pyfr_cstream,5,hex,M3,216,216,1000000,1296,0.001192442,0.7247
h100,cuda,pyfr_bstream-msplit,5,hex,M3,216,216,1000000,1296,0.001343210,0.6434
h100,opencl,pyfr_bstream-msplit,5,hex,M3,216,216,1000000,1296,0.001191990,0.7250
h100,cuda,pyfr_cstream-ksplit,5,hex,M3,216,216,1000000,1296,0.001226512,0.7046
h100,opencl,pyfr_cstream-ksplit,5,hex,M3,216,216,1000000,1296,0.001192774,0.7245
h100,direct,dense,5,hex,M6,648,216,1000000,1296,0.00859042,0.402308
h100,direct,sparse,5,hex,M6,648,216,1000000,1296,0.00628118,0.550215
h100,cuda,pyfr_bstream,5,hex,M6,648,216,1000000,1296,0.002471770,0.3498
h100,opencl,pyfr_bstream,5,hex,M6,648,216,1000000,1296,0.002674925,0.3232
h100,cuda,pyfr_cstream,5,hex,M6,648,216,1000000,1296,0.002779456,0.3111
h100,opencl,pyfr_cstream,5,hex,M6,648,216,1000000,1296,0.002675798,0.3231
h100,cuda,pyfr_bstream-msplit,5,hex,M6,648,216,1000000,1296,0.002464026,0.3509
h100,opencl,pyfr_bstream-msplit,5,hex,M6,648,216,1000000,1296,0.002675802,0.3231
h100,cuda,pyfr_cstream-ksplit,5,hex,M6,648,216,1000000,1296,0.002520634,0.3430
h100,opencl,pyfr_cstream-ksplit,5,hex,M6,648,216,1000000,1296,0.002674067,0.3233
h100,direct,dense,5,hex,M132,216,648,1000000,3888,0.00551855,0.626252
h100,direct,sparse,5,hex,M132,216,648,1000000,3888,0.0136539,0.253115
h100,cuda,pyfr_bstream,5,hex,M132,216,648,1000000,3888,0.005140467,0.5043
h100,cuda,pyfr_cstream,5,hex,M132,216,648,1000000,3888,0.005370952,0.4827
h100,cuda,pyfr_bstream-msplit,5,hex,M132,216,648,1000000,3888,0.003552230,0.7298
h100,cuda,pyfr_cstream-ksplit,5,hex,M132,216,648,1000000,3888,0.004282560,0.6054
h100,direct,dense,5,hex,M460,648,216,1000000,3888,0.00859145,0.402261
h100,direct,sparse,5,hex,M460,648,216,1000000,3888,0.0134462,0.257024
h100,cuda,pyfr_bstream,5,hex,M460,648,216,1000000,3888,0.005558896,0.1555
h100,cuda,pyfr_cstream,5,hex,M460,648,216,1000000,3888,0.005562264,0.1554
h100,cuda,pyfr_bstream-msplit,5,hex,M460,648,216,1000000,3888,0.002696371,0.3206
h100,cuda,pyfr_cstream-ksplit,5,hex,M460,648,216,1000000,3888,0.005085040,0.1700
h100,direct,dense,6,hex,M0,294,343,1000000,2058,0.00846769,0.300909
h100,direct,sparse,6,hex,M0,294,343,1000000,2058,0.00771888,0.3301
h100,cuda,pyfr_bstream,6,hex,M0,294,343,1000000,2058,0.004881624,0.2811
h100,cuda,pyfr_cstream,6,hex,M0,294,343,1000000,2058,0.002719475,0.5047
h100,cuda,pyfr_bstream-msplit,6,hex,M0,294,343,1000000,2058,0.002008499,0.6833
h100,cuda,pyfr_cstream-ksplit,6,hex,M0,294,343,1000000,2058,0.003983363,0.3445
h100,direct,dense,6,hex,M3,343,294,1000000,2058,0.00774029,0.329186
h100,direct,sparse,6,hex,M3,343,294,1000000,2058,0.00850334,0.299647
h100,cuda,pyfr_bstream,6,hex,M3,343,294,1000000,2058,0.001823050,0.6453
h100,cuda,pyfr_cstream,6,hex,M3,343,294,1000000,2058,0.003957248,0.2973
h100,cuda,pyfr_bstream-msplit,6,hex,M3,343,294,1000000,2058,0.002198061,0.5352
h100,cuda,pyfr_cstream-ksplit,6,hex,M3,343,294,1000000,2058,0.001906595,0.6170
h100,direct,dense,6,hex,M6,1029,294,1000000,2058,0.0233719,0.226426
h100,direct,sparse,6,hex,M6,1029,294,1000000,2058,0.0104836,0.504789
h100,cuda,pyfr_bstream,6,hex,M6,1029,294,1000000,2058,0.003803360,0.3095
h100,cuda,pyfr_cstream,6,hex,M6,1029,294,1000000,2058,0.011285488,0.1043
h100,cuda,pyfr_bstream-msplit,6,hex,M6,1029,294,1000000,2058,0.004781856,0.2462
h100,cuda,pyfr_cstream-ksplit,6,hex,M6,1029,294,1000000,2058,0.004364333,0.2697
h100,direct,dense,6,hex,M132,343,1029,1000000,7056,0.0212192,0.258633
h100,direct,sparse,6,hex,M132,343,1029,1000000,7056,0.0238586,0.230022
h100,cuda,pyfr_bstream,6,hex,M132,343,1029,1000000,7056,0.011419702,0.3606
h100,cuda,pyfr_cstream,6,hex,M132,343,1029,1000000,7056,0.015599744,0.2639
h100,cuda,pyfr_bstream-msplit,6,hex,M132,343,1029,1000000,7056,0.008862425,0.4646
h100,cuda,pyfr_cstream-ksplit,6,hex,M132,343,1029,1000000,7056,0.009349635,0.4404
h100,direct,dense,6,hex,M460,1029,343,1000000,7056,0.025644,0.214007
h100,direct,sparse,6,hex,M460,1029,343,1000000,7056,0.0249276,0.220158
h100,cuda,pyfr_bstream,6,hex,M460,1029,343,1000000,7056,0.016292360,0.0843
h100,cuda,pyfr_cstream,6,hex,M460,1029,343,1000000,7056,0.016124617,0.0852
h100,cuda,pyfr_bstream-msplit,6,hex,M460,1029,343,1000000,7056,0.006481145,0.2119
h100,cuda,pyfr_cstream-ksplit,6,hex,M460,1029,343,1000000,7056,0.012745676,0.1078
h100,direct,dense,7,hex,M0,384,512,1000000,3072,0.00663714,0.539992
h100,direct,sparse,7,hex,M0,384,512,1000000,3072,0.0115471,0.31038
h100,cuda,pyfr_bstream,7,hex,M0,384,512,1000000,3072,0.006390000,0.3206
h100,cuda,pyfr_cstream,7,hex,M0,384,512,1000000,3072,0.004295414,0.4770
h100,cuda,pyfr_bstream-msplit,7,hex,M0,384,512,1000000,3072,0.002856416,0.7173
h100,cuda,pyfr_cstream-ksplit,7,hex,M0,384,512,1000000,3072,0.006391240,0.3206
h100,direct,dense,7,hex,M3,512,384,1000000,3072,0.00686519,0.522054
h100,direct,sparse,7,hex,M3,512,384,1000000,3072,0.011662,0.307322
h100,cuda,pyfr_bstream,7,hex,M3,512,384,1000000,3072,0.003060093,0.5022
h100,cuda,pyfr_cstream,7,hex,M3,512,384,1000000,3072,0.006541224,0.2349
h100,cuda,pyfr_bstream-msplit,7,hex,M3,512,384,1000000,3072,0.004790141,0.3208
h100,cuda,pyfr_cstream-ksplit,7,hex,M3,512,384,1000000,3072,0.002672640,0.5750
h100,direct,dense,7,hex,M6,1536,384,1000000,3072,0.0207019,0.370981
h100,direct,sparse,7,hex,M6,1536,384,1000000,3072,0.0137556,0.55832
h100,cuda,pyfr_bstream,7,hex,M6,1536,384,1000000,3072,0.005630806,0.2732
h100,cuda,pyfr_cstream,7,hex,M6,1536,384,1000000,3072,0.018691661,0.0823
h100,cuda,pyfr_bstream-msplit,7,hex,M6,1536,384,1000000,3072,0.006165139,0.2495
h100,cuda,pyfr_cstream-ksplit,7,hex,M6,1536,384,1000000,3072,0.006664109,0.2308
h100,direct,dense,7,hex,M132,512,1536,1000000,12288,0.024871,0.329379
h100,direct,sparse,7,hex,M132,512,1536,1000000,12288,0.0504858,0.162263
h100,cuda,pyfr_bstream,7,hex,M132,512,1536,1000000,12288,0.019130669,0.3213
h100,cuda,pyfr_cstream,7,hex,M132,512,1536,1000000,12288,0.024880960,0.2471
h100,cuda,pyfr_bstream-msplit,7,hex,M132,512,1536,1000000,12288,0.017857677,0.3442
h100,cuda,pyfr_cstream-ksplit,7,hex,M132,512,1536,1000000,12288,0.017565590,0.3500
h100,direct,dense,7,hex,M460,1536,512,1000000,12288,0.0265327,0.308751
h100,direct,sparse,7,hex,M460,1536,512,1000000,12288,0.0461367,0.177559
h100,cuda,pyfr_bstream,7,hex,M460,1536,512,1000000,12288,0.025419960,0.0807
h100,cuda,pyfr_cstream,7,hex,M460,1536,512,1000000,12288,0.025432312,0.0807
h100,cuda,pyfr_bstream-msplit,7,hex,M460,1536,512,1000000,12288,0.013255183,0.1547
h100,cuda,pyfr_cstream-ksplit,7,hex,M460,1536,512,1000000,12288,0.021281018,0.0964
h100,direct,dense,8,hex,M0,486,729,1000000,4374,0.0212593,0.228606
h100,direct,sparse,8,hex,M0,486,729,1000000,4374,0.0154203,0.315169
h100,cuda,pyfr_bstream,8,hex,M0,486,729,1000000,4374,0.014883344,0.1960
h100,cuda,pyfr_cstream,8,hex,M0,486,729,1000000,4374,0.007155463,0.4077
h100,cuda,pyfr_bstream-msplit,8,hex,M0,486,729,1000000,4374,0.003952336,0.7382
h100,cuda,pyfr_cstream-ksplit,8,hex,M0,486,729,1000000,4374,0.013003581,0.2244
h100,direct,dense,8,hex,M3,729,486,1000000,4374,0.0229755,0.21153
h100,direct,sparse,8,hex,M3,729,486,1000000,4374,0.0173077,0.280799
h100,cuda,pyfr_bstream,8,hex,M3,729,486,1000000,4374,0.005295488,0.3674
h100,cuda,pyfr_cstream,8,hex,M3,729,486,1000000,4374,0.012344824,0.1576
h100,cuda,pyfr_bstream-msplit,8,hex,M3,729,486,1000000,4374,0.010263802,0.1895
h100,cuda,pyfr_cstream-ksplit,8,hex,M3,729,486,1000000,4374,0.004627283,0.4204
h100,direct,dense,8,hex,M6,2187,486,1000000,4374,0.0693869,0.154093
h100,direct,sparse,8,hex,M6,2187,486,1000000,4374,0.0222155,0.481285
h100,cuda,pyfr_bstream,8,hex,M6,2187,486,1000000,4374,0.008470723,0.2300
h100,cuda,pyfr_cstream,8,hex,M6,2187,486,1000000,4374,0.026710870,0.0729
h100,cuda,pyfr_bstream-msplit,8,hex,M6,2187,486,1000000,4374,0.011486848,0.1696
h100,cuda,pyfr_cstream-ksplit,8,hex,M6,2187,486,1000000,4374,0.008987507,0.2168
h100,direct,dense,8,hex,M132,729,2187,1000000,19440,0.0865161,0.134819
h100,direct,sparse,8,hex,M132,729,2187,1000000,19440,0.0637038,0.183097
h100,cuda,pyfr_bstream,8,hex,M132,729,2187,1000000,19440,0.031646307,0.2766
h100,cuda,pyfr_cstream,8,hex,M132,729,2187,1000000,19440,0.056998651,0.1536
h100,cuda,pyfr_bstream-msplit,8,hex,M132,729,2187,1000000,19440,0.033827325,0.2588
h100,cuda,pyfr_cstream-ksplit,8,hex,M132,729,2187,1000000,19440,0.051204028,0.1710
h100,direct,dense,8,hex,M460,2187,729,1000000,19440,0.097019,0.120224
h100,direct,sparse,8,hex,M460,2187,729,1000000,19440,0.0665293,0.175321
h100,cuda,pyfr_bstream,8,hex,M460,2187,729,1000000,19440,0.050364270,0.0580
h100,cuda,pyfr_cstream,8,hex,M460,2187,729,1000000,19440,0.066302467,0.0441
h100,cuda,pyfr_bstream-msplit,8,hex,M460,2187,729,1000000,19440,0.031985126,0.0914
h100,cuda,pyfr_cstream-ksplit,8,hex,M460,2187,729,1000000,19440,0.038589465,0.0757


h100   ,  cuda,gimmik_bstream,3,hex,M0,96,64,1000000,384,0.00053658,1.19273
h100   ,opencl,gimmik_bstream,3,hex,M0,96,64,1000000,384,0.00050258,1.27341
max1550,opencl,gimmik_bstream,3,hex,M0,96,64,1000000,384,0.00272255,0.143478
max1550,opencl,gimmik_cstream,3,hex,M0,96,64,1000000,384,0.00575872,0.0678319
